common,latin,lower
Amur peppervine,Ampelopsis brevipedunculata,amurpeppervine
Asian mustard,Brassica tournefortii,asianmustard
Bishop's goutweed,Aegopodium podagraria,bishopsgoutweed
Bur buttercup,Ranunculus testiculatus,burbuttercup
Chocolate vine,Akebia quinata,chocolatevine
Coral ardisia,Ardisia crenata,coralardisia
Fountaingrass,Pennisetum setaceum,fountaingrass
Medusahead,Taeniatherum caput-medusae,medusahead
Ravennagrass,Saccharum ravennae,ravennagrass
Red brome,Bromus rubens,redbrome
Rush skeletonweed,Chondrilla juncea,rushskeletonweed
Ventenata,Ventenata dubia,ventenata
Wavyleaf basketgrass,Oplismenus undulatifolius,wavyleafbasketgrass